farmno,cc,farmtype,enterpri,cattleyn,sows,suckl_p,weaned_p,gilts,boars,fattener,distneig,density,ratpres,micepres,presratl,presmicl,dogs,cats,biosec,fence,status
CO01,0,6,8,0,170,320,300,40,2,700,20,2,1,0,higher,normal,1,1,1,0,nothing special
CO02,0,6,2,0,160,210,270,20,5,800,10,2,1,0,lower,nvt,0,0,1,1,nothing special
CO03,0,6,4,0,100,500,150,20,1,450,400,1,0,0,lower,lower,1,1,1,0,serology pos
CO04,0,6,2,0,200,400,500,25,3,1350,20,3,1, ,higher,higher,1,0,1,1,nothing special
CO05,0,6,2,0,300,600,1200,25,9,1800,500,1,1,0,lower,nvt,1,0,0,1, 
CO06,0,6,1,0,300,700,120,120,5,800,300,2,1,0,lower,nvt,1,1,1,1,nothing special
CO07,0,6,6,1,40,40,120,13,1,50,200,2,1,0,higher,lower,1,1,1,0,nothing special
CO08,0,6,6,1,120,250,300,99,1,780,350,2,1,0,higher,nvt,0,1,0,0,dead piglet pericard >
CO09,0,6,1,0,200,350,300,15,2,1500,1000,1,0,0,higher,nvt,0,1,0,0, 
CO10,0,5,1,0,0,0,0,0,0,830,200,1,0,0,higher,higher,0,0,1,0, 
CO11,0,6,7,0,180,250,450,10,1,1500,200,1,1,1,normal,normal,1,1,0,1,reproduction problems
CO12,0,5,6,1,0,0,0,0,0,350,1000,1,0,0,nvt,normal,1,1,1,0,nothing special
CO13,0,6,2,0,185,400,350,15,1,1150,300,2,0,0,lower,normal,1,1,1,0,reproduction problems
CO14,0,6,2,0,200,300,500,10,5,1400,200,2,0,0,nvt,normal,1,1,1,0,reproduction problems
CO15,0,5,1,0,0,0,0,0,0,1380,100,2,1,0,normal,nvt,1,0,1,1, 
CO16,0,6,2,0,200,300,300,8,3,1300,150,2,1,0,normal,nvt,1, ,1,0,serology pos
CO17,0,6,2,0,100,250,325,10,1,640,500,2,1,0,normal,normal,1,1,1,0,nothing special
CO18,0,6,2,0,105,200,250,20,1,750,700,1,0,1,normal,normal,0,0,1,0,decreased fertility
CO19,0,5,2,0,0,0,0,0,0,700,2000,1,0,0,lower,nvt,1,0,1,1,nothing special
CO20,0,6,2,0,300,600,1000,90,5,1300,200,2,1,0,higher,nvt,1,1,1,0,nothing special
CO21,0,4,1,0,550,1400,2000,250,10,0,500,3,1,0,lower,lower,1, ,1,1,nothing special
CO22,0,6,3,1,160,300,450,65,1,1300,100,3,1,0,higher,nvt,1,1,1,1,nothing special
CO23,0,4,1,0,110,225,225,10,1,0,500,3,0,0,normal,normal,0,1,1,0,nothing special
CO24,0,6,6,1,180,325,380,16,1,800,100,2,1,0,lower,nvt,1,1,1,0,nothing special
CO25,0,5,9,1,0,0,0,0,0,400,300,3,1,0,higher,nvt,1,1,1,0,nothing special
CO26,0,6,6,1,110,180,270,20,2,380,300,2,0,0,lower,nvt,1,1,1,1,2-3 yrs ago fertility problems
CO27,0,6,3,1,70,140,120,10,2,550,300,2,1,1,higher,normal,0,1,1,1,nothing special
CO28,0,6,2,0,500,1000,1600,30,4,1600,700,1,1,0,higher,normal,1,0,0,0,nothing special
CO29,0,4,3,1,115,240,0,6,1,0,2000,1,1,0,higher,normal,1,1,1,1,nothing special
CO30,0,6,2,0,200,500,960,50,2,1800,800,1,0,0,normal,normal,1,1,1,1,nothing special
TO01,1,6,3,1,160,300,500,25,2,750,500,2,1,0,normal,nvt,1, ,0,0,EMC foetes
TO02,1,6,1,0,170,350,450,6,1,700,300,1,0,0,normal,normal,1,1,1,1,EMC fatteners
TO03,1,6,3,1,100,200,250,30,2,680,500,3,0,1,nvt,lower,1,1,1,0,EMC weaned piglets
TO04,0,6,1,0,185,350,400,30,1,1000,50,2,1,1,normal,normal,1,1,0,1,serology pos
TO05,1,6,1,0,350,700,1000,0,3,2100,300,2,0,0,normal,normal,0,0,0,1,EMC suckling piglets
TO06,1,6,4,0,625,1400,2000,200,50,3500,1000,1,1,0,higher,nvt,0,0,0,1,EMC suckling piglets
TO07,1,4,3,1,75,220,240,2,1,55,100,2,0,1,lower,lower,0,1,1,0,EMC suckling piglets
TO08,1,6,3,1,137,330, ,4,2,860,150,3,0,0,lower,nvt,0, ,1,0,EMC suckling piglets
TO09,1,6,1,0,220,450,720,15,5,1700,150,2,1,0,higher,nvt,1,0,1,1,EMC suckling piglets
TO10,1,5,1,0,0,0,0,0,0,1650,250,2,1,0,lower,lower,1,1,1,0,EMC fatteners
TO11,1,6,5,0,200,700,750,50,4,1600,800,1,0,0,higher,99,1,0,1,0,EMC suckling piglets
TO12,1,5,3,1,0,0,300,0,0,250,200,2,1,1,higher,higher,0,1,1,1,EMC fatteners
TO13,1,6,3,1,200,220,350,0,1,1300,200,3,1,1,lower,lower,1,1,1,0,EMC suckling piglets
TO14,1,6,1,0,200,350,400,0,1,1200,200,2,0,0,nvt,normal,1,0,0,0,EMC fatteners
TO15,1,5,1,0,0,0,0,0,0,980,100,1,0,0,higher,nvt,0,1,1,1,EMC fatteners
TO16,1,6,1,0,210,500,700,40,2,1450,100,2,0,0,lower,lower,0,0,1,0,EMC suckling piglets
TO17,1,6,3,1,120,280,300,15,2,620,500,1,1,1,normal,normal,1,1,0,0,abortions
TO18,1,6,3,1,110,200,300,17,2,740,300,1,1,1,normal,normal,1,1,1,0,foetes
TO19,1,5,3,1,0,0,0,0,0,650,500,2,1,1,normal,normal,0,1,0,0,EMC fatteners
TO20,1,6,1,0,680,1200,2000,40,3,3400,300,3,0,1,normal,normal,1,0,1,0,EMC suckling piglets
TO21,1,6,1,0,1600,3000,5000,400,10,2800,400,2,1, ,lower,lower,0,0,1,0,EMC suckling piglets
TO22,1,6,1,0,140,80,600,20,2,1700,200,3,1,1,higher,higher,1, ,1,0,EMC suckling piglets
TO23,1,4,6,1,160,200,400,3,1,0,700,2,0,1,normal,normal,1,1,1,0,EMC suckling piglets
TO24,1,6,3,1,280,350,450,20,2,1100,200,1,0,1,normal,normal,1,1,1,0,suckling piglets + abortions
TO25,1,5,3,1,0,0,0,0,0,530,200,2,1,1,lower,lower,1,1,1,0,mortality fatteners
TO26,1,6,1,0,75,200,180,20,1,300,1000,1,1,1,higher,normal,1,0,1,0,mortality suckling + abortions
TO27,1,6,3,1,60,200,230,10,1,400,100,1,1,1,lower,normal, , ,1,0,EMC suckling piglets
TO28,1,6,2,0,230,360,750,15,2,1350,500,2,1,1,lower,lower,0,0,1,0,EMC suckling piglets
TO29,1,4,1,0,130,160,360,0,1,0,500,2,1,1,higher,99,1, ,1,0,suckling + weaned piglets
TO30,1,6,2,0,300,600,900,75,3,1200,200,2,1,1,normal,normal,1,1,1,0,suckling piglets
